{"center": [-0.17163743499999984, 0.02710392000000006, 2.931664255], "scale": 0.1708157958712977, "level": 0.00390625, "size": 256}