{"center": [-0.2570000000000001, -0.10599999999999987, 1.5265], "scale": 0.30616150019135097, "level": 0.00390625, "size": 256}