{"center": [-0.04999999999999982, -0.6779999999999999, 1.6155], "scale": 0.190885230255309, "level": 0.00390625, "size": 256}