{"center": [-0.38650000000000007, 0.21599999999999997, 1.33], "scale": 0.20607934054611027, "level": 0.00390625, "size": 256}