{"center": [-0.15649999999999986, 0.18299999999999983, 0.7205], "scale": 0.22206800832755033, "level": 0.00390625, "size": 256}