{"center": [-0.20500000000000007, 0.02750000000000008, 0.45255], "scale": 0.20225003160156746, "level": 0.00390625, "size": 256}